[
    {
        "name": "dmgcp-del-108.db_sse_lineage.global_product_catalog_v",
        "parent": "null",
        "children": [
            {
                "name": "dmgcp-del-108.db_sse_lineage.global_product_catalog",
                "parent": "dmgcp-del-108.db_sse_lineage.global_product_catalog_v",
                "children": [
                    {
                        "name": "dmgcp-del-108.db_sse_lineage.global_product_catalog_stg",
                        "parent": "dmgcp-del-108.db_sse_lineage.global_product_catalog",
                        "children": []
                    }
                ]
            }
        ]
    }
]